{"cameraMode":{"drawMode":0,"name":"Shaded","section":"Shading Mode"},"sceneLighting":false,"audioPlay":false,"sceneViewState":{"showFog":true,"showMaterialUpdate":false,"showSkybox":true,"showFlares":true,"showImageEffects":true,"showParticleSystems":true},"in2DMode":false,"pivot":{"x":27.4903564453125,"y":467.2995910644531,"z":42.456298828125},"rotation":{"x":-0.11466240882873535,"y":0.12307670712471008,"z":-0.014317895285785199,"w":-0.9856468439102173},"size":2296.1201171875,"orthographic":false}